"AppID","AppName","Publisher"
"7Zip.7Zip","7-Zip","Igor Pavlov"
"Mozilla.Firefox","Mozilla Firefox","Mozilla"
"Zoom.Zoom","Zoom","Zoom"
"Zoom.Zoom","Zoom (Machine Install)","Zoom"
"Docker.DockerDesktop","Docker Desktop","Docker Inc."
"Microsoft.VisualStudioCode","Microsoft Visual Studio Code","Microsoft Corporation"
"OpenJS.NodeJS","Node.js","Node.js Foundation"
"Discord.Discord","Discord","Discord Inc."
"Adobe.Acrobat.Reader.64-bit","Adobe Acrobat Reader DC (64-bit)","Adobe"
"Oracle.JavaRuntimeEnvironment","Java 8","Oracle Corporation"
"Google.GoogelDrive","Google Drive","Google LLC"
"Notepad++.Notepad++","Notepad++","Notepad++ Team"
"Git.Git","Git","The Git Development Community"
"RStudio.RStudio.OpenSource","RStudio Desktop Open Source Edition","RStudio"
"PuTTY.PuTTY","PuTTY","Simon Tatham"
"RARLab.WinRAR","WinRAR","win.rar GmbH"
"Malwarebytes.Malwarebytes","Malwarebytes","Malwarebytes"
"Foxit.FoxitReader","Foxit PDF Reader","Foxit Software Inc."
"Citrix.Workspace","Citrix Workspace","Citrix Systems, Inc."
"Postman.Postman","Postman","Postman"
"TeamViewer.TeamViewer","TeamViewer","TeamViewer"
"Piriform.CCleaner","CCleaner","Piriform"
"GIMP.GIMP","GIMP","The GIMP Team"
"AutoHotkey.AutoHotkey","AutoHotkey","Lexikos"
"SumatraPDF.SumatraPDF","SumatraPDF","Krzysztof Kowalczyk"
"WinSCP.WinSCP","WinSCP","Martin Prikryl"
"Amazon.AWSCLI","AWS Command Line Interface","Amazon Web Services"
"Inkscape.Inkscape","Inkscape","Inkscape"
"SlackTechnologies.Slack","Slack","Slack Technologies Inc."
"WiresharkFoundation.Wireshark","Wireshark","The Wireshark developer community, https://www.wireshark.org/"
"StrawberryPerl.StrawberryPerl","Strawberry Perl","strawberryperl.com project"
"Oracle.VirtualBox","Oracle VM VirtualBox","Oracle Corporation"
"Kitware.CMake","CMake","Kitware"
"Puppet.puppet-agent","Puppet Agent","Puppet Inc"
"Microsoft.AzureFunctionsCoreTools","Azure Functions Core Tools","Microsoft"
"Opera.Opera","Opera Stable","Opera Software"
"Audacity.Audacity","Audacity","Audacity Team"
"TortoiseSVN.TortoiseSVN","TortoiseSVN","TortoiseSVN"
"TortoiseGit.TortoiseGit","TortoiseGit","TortoiseGit"
"calibre.calibre","calibre","Kovid Goyal"
"Microsoft.PowerToys","PowerToys (Preview)","Microsoft Corporation"
"VMware.WorkstationPlayer","VMware Player","VMware, Inc."
"VMware.WorkstationPro","VMware Workstation","VMware, Inc."
"VMware.HorizonClient","VMware Horizon Client","VMware, Inc."
"TeamViewer.TeamViewer.Host","TeamViewer Host","TeamViewer"
"Atlassian.Sourcetree","Sourcetree","Atlassian"
"BlenderFoundation.Blender","Blender","Blender Foundation"
"evernote.evernote","Evernote","Evernote Corporation"
"WhatsApp.WhatsApp","WhatsApp","WhatsApp"
"dbeaver.dbeaver","DBeaver","DBeaver Corp"
"Jabra.Direct","Jabra Direct","GN Audio A/S"
"OBSProject.OBSStudio","OBS Studio","OBS Project"
"DigitalScholar.Zotero","Zotero","Corporation for Digital Scholarship"
"Anaconda.Anaconda3","Anaconda3","0"
"BlueJTeam.BlueJ","BlueJ","BlueJ Team"
"AgileBits.1Password","1Password","AgileBits Inc."
"Amazon.Corretto.17","Amazon Corretto 17","Amazon"
"Amazon.Corretto.8","Amazon Corretto 8","Amazon"
"beekeeper-studio.beekeeper-studio","Beekeeper Studio","Beekeeper Studio Team"
"Bitwarden.Bitwarden","Bitwarden","Bitwarden Inc."
"Iterate.Cyberduck","Cyberduck","iterate GmbH"
"Greenshot.Greenshot","Greenshot","Greenshot"
"Fork.Fork","Fork - a fast and friendly git client","Fork"
"HandBrake.HandBrake","HandBrake","The HandBrake Team"
"DuongDieuPhap.ImageGlass","ImageGlass","Duong Dieu Phap"
"Microsoft.AzureStorageEmulator","Microsoft Azure Storage Emulator","Microsoft Corporation"
"notable.notable","Notable","Fabio Spampinato"
"Google.Chrome","Google Chrome"," Google"
"MITMediaLab.Scratch.3","Scratch 3","Scratch Foundation"
"MacPaw.Encrypto","Encrypto","MacPaw, Inc."
"Mailbird.Mailbird","Mailbird","Mailbird"
"Microsoft.AzureCosmosEmulator","Azure Cosmos DB Emulator","Microsoft  Corporation"
"Microsoft.Bicep","Bicep CLI","Microsoft Corporation"
"Microsoft.BotFrameworkComposer","Bot Framework Composer","Microsoft Corporation"
"Microsoft.BotFrameworkEmulator","Bot Framework Emulator","Microsoft Corporation"
"Microsoft.DeploymentToolkit","Microsoft Deployment Toolkit","Microsoft Corporation"
"JAMSoftware.TreeSize.Free","TreeSize Free","JAM Software"
"vim.vim","Vim","Bram Moolenaar et al."
"LogMeIn.GoToMeeting","GoToMeeting","LogMeIn, Inc."
"Yarn.Yarn","Yarn","Yarn Contributors"
"GitHub.Atom","Atom","GitHub Inc."
"Brave.Brave","Brave","Brave Software Inc"
"GitHub.GitHubDesktop","GitHub Desktop","GitHub, Inc."
"GitHub.cli","GitHub CLI","GitHub, Inc."
"Google.EarthPro","Google Earth Pro","Google"
"Microsoft.OneDrive","Microsoft OneDrive","Microsoft Corporation"
"Microsoft.LAPS","Local Administrator Password Solution","Microsoft Corporation"
"Logitech.Options","Logitech Options","Logitech"
"Logitech.UnifyingSoftware","Logitech Unifying Software","Logitech"
"Logitech.Solar","Logitech Solar App","Logitech"
"Telerik.Fiddler.Everywhere","Fiddler Everywhere","Progress Software Corporation"
"Cisco.WebexTeams","Webex","Cisco Systems, Inc"
"Cisco.CiscoWebexMeetings","Cisco Webex Meetings","Cisco Webex LLC"
"Lenovo.SystemUpdate","Lenovo System Update","Lenovo"
"Poly.PlantronicsHub","Plantronics Hub Software","Plantronics, Inc."
"AxisCommunications.AxisCameraStation","AXIS Camera Station","Axis Communications AB"
"Adobe.Acrobat.Reader.32-bit","Adobe Acrobat Reader DC (32-bit)","Adobe"
"","Winget Pre-Install","Microsoft"
"Logitech.LogiTune","Logi Tune","Logitech"
"Cisco.Jabber","Cisco Jabber","Cisco Systems, Inc"
"manosim.gitify","Gitify","Emmanouil Konstantinidis"
"3CX.Softphone","3CXPhone for Windows","3CX"
"Python.Python.3.11","Python 3.11","Python Software Foundation"
"FreeCAD.FreeCAD","FreeCAD","FreeCAD Team"
"RedHat.Podman","Podman","Red Hat Inc."
"Pinta.Pinta","Pinta","Pinta Community"
"Anydo.Anydo","Anydo","Any.do"
"JetBrains.Space","JetBrains Space","JetBrains s.r.o."
"Drovio.Drovio","Drovio","Drovio"
"Iterate.MountainDuck","Mountain Duck","iterate GmbH"
"Lenovo.MigrationAssistant","Lenovo Migration Assistant","Lenovo"
"Plex.Plex","Plex","Plex, Inc."
"Swift.Toolchain","Swift","swift.org"
"Alacritty.Alacritty","Alacritty","Alacritty"
"Audient.EVO","EVO","Audient"
"Audient.Sono","Sono","Audient"
"Apple.iTunes","iTunes","Apple Inc."
"Devolutions.RemoteDesktopManager","Remote Desktop Manager","Devolutions inc."
"Microsoft.VisualStudioCode","Microsoft Visual Studio Code (User Install)","Microsoft Corporation"
"Microsoft.Edge","Microsoft Edge","Microsoft Corporation"
"Microsoft.Edge.Dev","Microsoft Edge Dev","Microsoft Corporation"
"Microsoft.Edge.Beta","Microsoft Edge Beta","Microsoft Corporation"
"BandicamCompany.Bandicam","Bandicam","Bandicam.com"
"Tableau.Desktop","Tableau","Tableau Software, LLC"
"Zoom.ZoomOutlookPlugin","Zoom Outlook Plugin","Zoom"
"MyPaint.MyPaint","MyPaint","Martin Renold and the MyPaint Development Team"
"Wiris.MathType7","MathType 7","WIRIS"
"Microsoft.DotNet.SDK.7","Microsoft .NET SDK 7.0","Microsoft Corporation"
"Foxit.PhantomPDF","Foxit PDF Editor","Foxit Software Inc."
"Microsoft.ROpen","Microsoft R Open","Microsoft"
"Insomnia.Insomnia","Insomnia","Kong"
"Anaconda.Miniconda3","Miniconda3","Anaconda, Inc."
"OSGeo.QGIS","QGIS","QGIS.org"
"OSGeo.QGIS_LTR","QGIS LTR","QGIS Development Team"
"nomacs.nomacs","nomacs - Image Lounge","TU Wien"
"Google.Chrome.Beta","Google Chrome Beta","Google LLC"
"Google.Chrome.Canary","Google Chrome Canary","Google LLC"
"OpenShot.OpenShot","OpenShot Video Editor","OpenShot Studios, LLC"
"GlavSoft.TightVNC","TightVNC","GlavSoft LLC."
"SanfordLP.DYMOLabel","DYMO Label","Sanford L.P."
"DisplayLink.GraphicsDriver","DisplayLink Graphics","DisplayLink Corp."
"AntibodySoftware.WizTree","WizTree","Antibody Software"
"Microsoft.SQLServerManagementStudio","Microsoft SQL Server Management Studio","Microsoft Corporation"
"ShareX.ShareX","ShareX","ShareX Team"
"OpenVPNTechnologies.OpenVPNConnect","OpenVPN Connect","OpenVPN Technologies"
"GitExtensionsTeam.GitExtensions","Git Extensions","Git Extensions Team"
"GitHub.GitLFS","Git LFS","GitHub, Inc."
"Intel.IntelDriverAndSupportAssistant","Intel  Driver & Support Assistant","Intel"
"Dropbox.Dropbox","Dropbox","Dropbox, Inc."
"Microsoft.SQLServer.2019.Express","Microsoft SQL Server 2019 Express","Microsoft"
"Microsoft.SQLServer.2019.Developer","Microsoft SQL Server 2019 Developer","Microsoft"
"PremiumSoft.NavicatPremium","PremiumSoft Navicat Premium","PremiumSoft CyberTech Ltd."
"HP.HPCMSL","HP Client Management Script Library","HP Development Company, L.P."
"Amazon.WorkspacesClient","Amazon WorkSpaces","Amazon Web Services, Inc"
"Fortinet.FortiClientVPN","FortiClient VPN","Fortinet Technologies Inc"
"SparkLabs.Viscosity","Viscosity","SparkLabs"
"Bluebeam.Revu.21","Bluebeam Revu 21","Bluebeam, Inc."
"Rufus.Rufus","Rufus","pbatard"
"Yubico.YubikeyManager","YubiKey Manager","Yubico AB"
"Grammarly.Grammarly","Grammarly for Windows","Grammarly Inc."
"Cloudflare.Warp","Cloudflare WARP","Cloudflare, Inc."
"SonicWALL.GlobalVPN","Global VPN Client","SonicWall"
"Synology.DriveClient","Synology Drive Client","Synology"
"AgileBits.1Password","1Password (Machine Install)","AgileBits Inc."
"Splashtop.SplashtopStreamer","Splashtop Streamer","Splashtop Inc."
"Splashtop.SplashtopBusiness","Splashtop Business","Splashtop Inc."
"WireGuard.WireGuard","WireGuard","WireGuard LLC"
"Ditto.Ditto","Ditto","Scott Brogden"
"Microsoft.Azure.StorageExplorer","Microsoft Azure Storage Explorer","Microsoft Corporation"
"ScooterSoftware.BeyondCompare4","Beyond Compare 4","Scooter Software"
"StefansTools.grepWin","grepWin","Stefans Tools"
"Microsoft.NuGet","NuGet","Microsoft Corporation"
"OpenVPNTechnologies.OpenVPN","OpenVPN","OpenVPN, Inc."
"LINQPad.LINQPad.7","LINQPad 7","Joseph Albahari"
"Microsoft.VisualStudio.2019.Professional","Visual Studio Professional 2019","Microsoft Corporation"
"Microsoft.VisualStudio.2022.Professional","Visual Studio Professional 2022","Microsoft Corporation"
"JGraph.Draw","draw.io","JGraph"
"Graphviz.Graphviz","Graphviz","Graphviz"
"Microsoft.PowerShell","PowerShell","Microsoft Corporation"
"Microsoft.AzureCLI","Microsoft Azure CLI","Microsoft Corporation"
"Microsoft.Azure.DataCLI","Azure Data CLI","Microsoft Corporation"
"AnyDeskSoftwareGmbH.AnyDesk","AnyDesk","AnyDesk Software GmbH"
"Adobe.AdobeConnect","Adobe Connect","Adobe"
"Unity.Unity.2022","Unity 2022","Unity Technologies ApS"
"Surfshark.Surfshark","Surfshark","Surfshark"
"WinMerge.WinMerge","WinMerge","Thingamahoochie Software"
"RingCentral.RingCentral","RingCentral","RingCentral"
"Gyan.FFmpeg","FFmpeg","Gyan"
"RProject.R","R for Windows","R Core Team"
"Microsoft.Teams","Microsoft Teams","Microsoft Corporation"
"Logitech.OptionsPlus","Logi Options+","Logitech"
"RoyalApps.RoyalTS","Royal TS","Royal Apps GmbH"
"JetBrains.IntelliJIDEA.Ultimate","IntelliJ IDEA Ultimate Edition","JetBrains s.r.o."
"Microsoft.VisioViewer","Microsoft Visio Viewer 2016","Microsoft Corporation"
"AMSSoftware.PhotoGlory","PhotoGlory","AMS Software"
"Wondershare.Mockitt.CN","mockingbot-studio","MockingBot LLC"
"TechSmith.Snagit.2023","Snagit 2023","TechSmith Corporation"
"Nvidia.GeForceExperience","NVIDIA GeForce Experience","NVIDIA Corporation"
"Microsoft.Office","Microsoft 365 Apps for enterprise","Microsoft Corporation"
"Hashicorp.Terraform","Hashicorp Terraform","HashiCorp"
"TerraformLinters.tflint","TFLint","Terraform Linters"
"Mozilla.Thunderbird","Mozilla Thunderbird","Mozilla"
"NitroSoftware.NitroPro","Nitro Pro","Nitro"
"Google.AndroidStudio","Android Studio","Google LLC"
"ArduinoSA.IDE.stable","Arduino IDE","Arduino SA"
"DBBrowserForSQLite.DBBrowserForSQLite","DB Browser for SQLite","DB Browser for SQLite Team"
"voidtools.Everything.Lite","Everything Lite","voidtools"
"GNU.Emacs","GNU Emacs","GNU Project"
"Mobatek.MobaXterm","MobaXterm","Mobatek"
"JetBrains.PyCharm.Community","PyCharm Community Edition","JetBrains s.r.o."
"SmartBear.SoapUI","SoapUI","SmartBear Software"
"SonicWALL.NetExtender","SonicWall NetExtender","SonicWall Inc."
"SublimeHQ.SublimeText.4","Sublime Text 4","Sublime HQ Pty Ltd"
"IDMComputerSolutions,Inc.UltraEdit","UltraEdit","IDM Computer Solutions, Inc."
"Tencent.VooVMeeting","VooV Meeting","Tencent Technology (Shenzhen) Co. Ltd."
"Tencent.WeChat","WeChat","Tencent"
"RaspberryPiFoundation.RaspberryPiImager","Raspberry Pi Imager","Raspberry Pi Ltd"
"Microsoft.VisualStudio.2022.Community","Visual Studio Community 2022","Microsoft Corporation"
"IrfanSkiljan.IrfanView","IrfanView","Irfan Skiljan"
"JSFoundation.Appium","Appium Server GUI","Appium Developers"
"Microsoft.VCRedist.2015+.x64","Microsoft Visual C++ 2015-2022 Redistributable (x64)","Microsoft Corporation"
"Microsoft.VCRedist.2013.x64","Microsoft Visual C++ 2013 Redistributable (x64)","Microsoft Corporation"
"Microsoft.VCRedist.2012.x64","Microsoft Visual C++ 2012 Redistributable (x64)","Microsoft Corporation"
"Microsoft.VCRedist.2010.x64","Microsoft Visual C++ 2010 x64 Redistributable","Microsoft Corporation"
"Microsoft.VCRedist.2008.x64","Microsoft Visual C++ 2008 Redistributable - x64","Microsoft Corporation"
"Microsoft.VCRedist.2005.x64","Microsoft Visual C++ 2005 Redistributable (x64)","Microsoft Corporation"
"tailscale.tailscale","Tailscale","Tailscale Inc."
"Learnpulse.Screenpresso","Screenpresso","Learnpulse"
"CrystalDewWorld.CrystalDiskInfo","CrystalDiskInfo","Crystal Dew World"
"LIGHTNINGUK.ImgBurn","ImgBurn","LIGHTNING UK!"
"Famatech.AdvancedIPScanner","Advanced IP Scanner","Famatech"
"eTeks.SweetHome3D","Sweet Home 3D","eTeks"
"CodeSector.TeraCopy","TeraCopy","Code Sector"
"Microsoft.VCRedist.2022.arm64","Microsoft Visual C++ 2022 Redistributable (Arm64)","Microsoft Corporation"
"Mozilla.Firefox.ESR","Mozilla Firefox ESR","Mozilla"
"TELUS.BusinessConnectPhone","TELUS Business Connect Phone","TELUS"
"Egnyte.EgnyteDesktopApp","Egnyte Desktop App","Egnyte, Inc."
"BornToBeRoot.NETworkManager","NETworkManager","BornToBeRoot"
"suse.RancherDesktop","Rancher Desktop","SUSE"
"Microsoft.DotNet.AspNetCore.7","Microsoft ASP.NET Core Runtime 7.0","Microsoft Corporation"
"Keeper.KeeperDesktop","Keeper  Password Manager","Keeper Security Inc"
"Dell.DisplayManager","Dell Display Manager","Dell Inc."
"Microsoft.BingWallpaper","Bing Wallpaper","Microsoft Corporation"
"8x8.VirtualOfficeDesktop","8x8 Work","8x8 Inc."
"9NBLGGH4XJQ0","Stellar Secure Business","Stellar Library"
"Skillbrains.Lightshot","Lightshot","Skillbrains"
"HeidiSQL.HeidiSQL","HeidiSQL","Ansgar Becker"
"mRemoteNG.mRemoteNG","mRemoteNG","Next Generation Software"
"DaiyuuNobori.Win10Pcap","Win10Pcap","Daiyuu Nobori, University of Tsukuba, Japan"
"Blueberry.FlashBackPro","FlashBack Pro 5","Blueberry Software (UK) Ltd."
"Azul.Zulu.17.JRE","Azul Zulu JRE 17","Azul Systems, Inc."
"Logitech.LGS","Logitech Gaming Software","Logitech Inc."
"Logitech.LogiBolt","Logi Bolt","Logi"
"Logitech.GHUB","Logitech G HUB","Logitech"
"dotPDNLLC.paintdotnet","paint.net","dotPDN LLC"
"Gephi.Gephi","Gephi","Gephi"
"JanDeDobbeleer.OhMyPosh","Oh My Posh","Jan De Dobbeleer"
"BlueJeans.BlueJeans","BlueJeans","BlueJeans Network, Inc."
"Box.Box","Box","Box, Inc."
"Stardock.Start11","Stardock Start11","Stardock Software, Inc."
"TechSmith.Snagit.2020","Snagit 2020","TechSmith Corporation"
"Mattermost.MattermostDesktop","Mattermost","Mattermost, Inc."
"DominikReichl.KeePass","KeePass","Dominik Reichl"
"Microsoft.VisualStudio.2022.Enterprise","Visual Studio Enterprise 2022","Microsoft Corporation"
"SublimeHQ.SublimeText.3","Sublime Text 3","Sublime HQ Pty Ltd"
"MicroSIP.MicroSIP","MicroSIP","www.microsip.org"
"Sonosaurus.SonoBus","SonoBus","Sonosaurus LLC"
"ExclaimerLtd.CloudSignatureUpdateAgent","Exclaimer Cloud Signature Update Agent","Exclaimer Ltd"
"appmakes.Typora","Typora","typora.io"
"v2rayA.v2rayA","v2rayA","v2rayA Organization"
"PostgreSQL.pgAdmin","pgAdmin 4","The pgAdmin Development Team"
"Logitech.Sync","Logitech Sync","Logitech Europe S.A."
"Sogou.SogouInput","Sogou Input","Sogou.com"
"Datto.WindowsAgent","Datto Windows Agent","Datto Inc."
"Smile.TextExpander","TextExpander","Smile, Inc."
"Oracle.JDK.18","Java SE Development Kit 18","Oracle Corporation"
"dorssel.usbipd-win","usbipd-win","Frans van Dorsselaer"
"Prezi.PreziClassic","Prezi Classic","Prezi"
"PostgreSQL.pgAdmin","pgAdmin 4 (Machine Install)","The pgAdmin Development Team"
"Microsoft.DotNet.Runtime.6","Microsoft .NET Runtime 6.0","Microsoft Corporation"
"Ngrok.Ngrok","Ngrok","ngrok, Inc."
"TELUS.BusinessConnectPhone","TELUS Business Connect Phone (Machine Install)","TELUS"
"geeksoftwareGmbH.PDF24Creator","PDF24 Creator (Machine Install)","geek software GmbH"
"Xiaomi.MiService","MiService","Xiaomi"
"ByteDance.CapCut","CapCut","Bytedance Pte. Ltd."
"Upscayl.Upscayl","Upscayl","Upscayl"
"Nextcloud.NextcloudDesktop","Nextcloud","Nextcloud GmbH"
"MarkText.MarkText","Mark Text","Jocs"
"AdoptOpenJDK.OpenJDK.11","AdoptOpenJDK JDK with Hotspot 11","AdoptOpenJDK"
"TheDocumentFoundation.LibreOffice","LibreOffice","The Document Foundation"
"RedHat.Podman-Desktop","Podman Desktop","RedHat"
"Microsoft.XMLNotepad","XML Notepad","Microsoft Corporation"
"Obsidian.Obsidian","Obsidian","Obsidian"
"Microsoft.DotNet.Runtime.7","Microsoft .NET Runtime 7.0","Microsoft Corporation"
"Microsoft.MouseWithoutBorders","Microsoft Garage Mouse without Borders","Microsoft Garage"
"Tencent.TencentMeeting","Tencent Meeting","Tencent Technology (Shenzhen) Co. Ltd."
"EZBSystems.UltraISO","UltraISO Premium","EZB Systems, Inc."
"TechSmith.Camtasia","Camtasia","TechSmith Corporation"
"Neovim.Neovim","Neovim","neovim.io"
"KiCad.KiCad","KiCad","KiCad"
"SomePythonThings.WingetUIStore","WingetUI","Mart  Climent"
"AltDrag.AltDrag","AltDrag","Stefan Sundin"
"ClassicDIY.ModbusTool","ModbusTool","ClassicDIY"
"Insecure.Nmap","Nmap","Nmap Project"
"Splashtop.SplashtopStreamer.Deployment.MSI","Splashtop Streamer Deployment (MSI)","Splashtop Inc."
"JetBrains.PyCharm.Community.EAP","PyCharm Community Edition (EAP)","JetBrains s.r.o."
"dnGrep.dnGrep","dnGREP","dnGrep Community Contributors"
"","Google Chrome","Google"
"Talkdesk.Talkdesk","Talkdesk","Talkdesk"
"Opera.OperaGX","Opera GX Stable","Opera Software"
"Unity.UnityHub","Unity Hub","Unity Technologies Inc."
"RealVNC.VNCViewer","VNC Viewer","RealVNC"
"LogMeIn.LastPass","LastPass","GoTo Group, Inc."
"Jetbrains.Toolbox","JetBrains Toolbox","JetBrains"
"Scintilla.SciTE","SciTE Text Editor","ebswift.com"
"ManicTime.ManicTime","ManicTime","Finkit d.o.o."
"JetBrains.Rider.EAP","JetBrains Rider (EAP)","JetBrains s.r.o."
"JetBrains.Rider","JetBrains Rider","JetBrains s.r.o."
"OpenWhisperSystems.Signal","Signal","Signal Messenger, LLC"
"SoftDeluxe.FreeDownloadManager","Free Download Manager","Softdeluxe"
"Chocolatey.Chocolatey","Chocolatey","Chocolatey Software, Inc."
"WinFsp.WinFsp","WinFsp 2023","Navimatics LLC"
"flux.flux","f.lux","f.lux Software LLC"
"Webroot.SecureAnywhere","Webroot SecureAnywhere","Webroot"
"Microsoft.WindowsPCHealthCheck","Windows PC Health Check","Microsoft Corporation"
"Microsoft.AzureDataStudio","Azure Data Studio","Microsoft Corporation"
"SiberSystems.RoboForm","RoboForm","Siber Systems"
"WiseCleaner.WiseDiskCleaner","Wise Disk Cleaner","WiseCleaner.com, Inc."
"RoyalApps.RoyalTS.V7","Royal TS 7.00.50817.0","Royal Apps GmbH"
"ESET.EndpointAntivirus","ESET Endpoint Antivirus","ESET, spol. s r.o."
"CodecGuide.K-LiteCodecPack.Full","K-Lite Codec Pack Full","KLCP"
"Microsoft.VCRedist.2005.x86","Microsoft Visual C++ 2005 Redistributable","Microsoft Corporation"
"Microsoft.VCRedist.2008.x86","Microsoft Visual C++ 2008 Redistributable - x86","Microsoft Corporation"
"Microsoft.VCRedist.2010.x86","Microsoft Visual C++ 2010 x86 Redistributable","Microsoft Corporation"
"Microsoft.VCRedist.2012.x86","Microsoft Visual C++ 2012 Redistributable (x86)","Microsoft Corporation"
"Microsoft.VCRedist.2013.x86","Microsoft Visual C++ 2013 Redistributable (x86)","Microsoft Corporation"
"Microsoft.VCRedist.2015+.x86","Microsoft Visual C++ 2015-2022 Redistributable (x86)","Microsoft Corporation"
"3Dconnexion.3DxWare.10","3Dconnexion 3DxWare 10","3Dconnexion"
"Sinew.Enpass","Enpass","Enpass Technologies Inc."
"Microsoft.DotNet.Runtime.5","Microsoft .NET Runtime 5.0","Microsoft Corporation"
"Microsoft.DotNet.DesktopRuntime.5","Microsoft .NET Windows Desktop Runtime 5.0","Microsoft Corporation"
"RazerInc.RazerInstaller","Razer Synapse 3","Razer Inc."
"Rainmeter.Rainmeter","Rainmeter","Rainmeter"
"FastStone.Capture","FastStone Capture","FastStone Corporation"
"Dell.CommandUpdate.Universal","Dell Command Update for Windows Universal","Dell Inc."
"","Winget","Microsoft"
"Axosoft.GitKraken","GitKraken","GitKraken"
"Dialpad.Dialpad","Dialpad","Dialpad"
"JetBrains.PyCharm.Professional","PyCharm Professional Edition","JetBrains s.r.o."
"JetBrains.IntelliJIDEA.Community","IntelliJ IDEA Community Edition","JetBrains s.r.o."
"Amazon.AWSVPNClient","AWS VPN Client","Amazon"
"Ghisler.TotalCommander","Total Commander","Ghisler Software GmbH"
"PDFsam.PDFsam","PDFsam Basic","Sober Lemur S.a.s. di Vacondio Andrea"
"Microsoft.OpenJDK.17","Microsoft Build of OpenJDK with Hotspot 17","Microsoft"
"OpenMedia.4KVideoDownloader","4K Video Downloader","Open Media LLC"
"Meltytech.Shotcut","Shotcut","Meltytech, LLC"
"TechSmith.Snagit.2024","Snagit 2024","TechSmith Corporation"
"OpenJS.NodeJS.LTS","Node.js LTS","Node.js Foundation"
"HP.ImageAssistant","HP Image Assistant","HP Inc."
"KeePassXCTeam.KeePassXC","KeePassXC","KeePassXC Team"
"Notion.Notion","Notion","Notion Labs, Inc"
"ONLYOFFICE.DesktopEditors","ONLYOFFICE Desktop Editors","Ascensio System SIA"
"Oracle.JDK.21","Java SE Development Kit 21","Oracle Corporation"
"Trimble.SketchUp.Pro.2022","SketchUp Pro 2022","Trimble, Inc."
"Microsoft.OpenJDK.17","Microsoft Build of OpenJDK with Hotspot 17","Microsoft"
"Figma.Figma","Figma","Figma, Inc."
"Kubernetes.minikube","Kubernetes - Minikube - A Local Kubernetes Development Environment","Kubernetes"
"EclipseAdoptium.Temurin.17.JDK","Eclipse Temurin JDK with Hotspot 17","Eclipse Adoptium"
"EclipseAdoptium.Temurin.8.JDK","Eclipse Temurin JDK with Hotspot 8","Eclipse Adoptium"
"Oracle.JDK.17","Java SE Development Kit 17","Oracle Corporation"
"ojdkbuild.openjdk.11.jdk","OpenJDK 11","ojdkbuild open-source project"
"Elgato.StreamDeck","Elgato Stream Deck","Elgato Systems GmbH"
"Samsung.SmartSwitch","Smart Switch","Samsung Electronics Co., Ltd."
"Xmind.Xmind.8","XMind 8","XMind Ltd."
"CoreyButler.NVMforWindows","NVM for Windows","Ecor Ventures LLC"
"SteelSeries.GG","SteelSeries GG","SteelSeries ApS"
"Telerik.Fiddler.Classic","Progress Telerik Fiddler Classic","Progress Software Corporation"
"GanttProject.GanttProject","GanttProject","BarD Software s.r.o."
"Microsoft.OpenJDK.21","Microsoft Build of OpenJDK with Hotspot 21","Microsoft"
"NordSecurity.NordVPN","NordVPN","Nord Security"
"EclipseAdoptium.Temurin.21.JDK","Eclipse Temurin JDK with Hotspot","Eclipse Adoptium"
"Airtame.Airtame","Airtame","Airtame"
"EclipseAdoptium.Temurin.11.JDK","Eclipse Temurin JDK with Hotspot 11","Eclipse Adoptium"
"LeNgocKhoa.Laragon","Laragon","leokhoa"
"Microsoft.DotNet.DesktopRuntime.6","Microsoft .NET Windows Desktop Runtime 6.0","Microsoft Corporation"
"XnSoft.XnViewMP","XnView MP","Pierre-e Gougelet"
"XnSoft.XnView.Classic","XnView","Gougelet Pierre-e"
"Clockodo.Clockodo","Clockodo","Clockodo GmbH"
"Microsoft.Sysinternals.ProcessMonitor","Process Monitor","Microsoft Corporation"
"Microsoft.WindowsAdminCenter","Windows Admin Center","Microsoft Corporation"
"EdrawSoft.MindMaster","MindMaster","EdrawSoft Co.,Ltd."
"WatchGuard.MobileVPNWithSSLClient","WatchGuard Mobile VPN with SSL client","WatchGuard"
"JetBrains.WebStorm","WebStorm","JetBrains s.r.o."
"Balsamiq.Wireframes","Balsamiq Wireframes","Balsamiq"
"MongoDB.Compass.Community","MongoDB Compass Community","MongoDB"
"JohnMacFarlane.Pandoc","Pandoc","John MacFarlane"
"DaxStudio.DaxStudio","DAX Studio","DAX Studio"
"Hashicorp.Vagrant","Vagrant","HashiCorp"
"Microsoft.Teams.Classic","Microsoft Teams Classic","Microsoft Corporation"
"ETHZurich.SafeExamBrowser","Safe Exam Browser","ETH Zurich"
"KDE.Krita","Krita","Krita Foundation"
"Twilio.Authy","Authy Desktop","Twilio Inc."
"Canva.Canva","Canva","Canva Pty Ltd"
"Microsoft.ReportBuilder","Microsoft Report Builder","Microsoft Corporation"
"Azeus.Convene","Convene","Convene"
"Miro.Miro","Miro","Miro"
"Microsoft.AzureInformationProtectionViewer","Microsoft Azure Information Protection Viewer","Microsoft Corporation"
"Kopia.KopiaUI","KopiaUI","Kopia Authors"
"Microsoft.Skype","Skype","Skype Technologies S.A."
"JAMSoftware.TreeSize","TreeSize","JAM Software"
"qishibo.AnotherRedisDesktopManager","Another Redis Desktop Manager","Another"
"Bitvise.SSH.Client","Bitvise SSH Client","Bitvise Limited"
"Eugeny.Tabby","Tabby","Eugene Pankov"
"Microsoft.PowerBI","Microsoft PowerBI Desktop","Microsoft Corporation"
"TeamViewer.TeamViewer.Host","TeamViewer Host (MSI)","TeamViewer"
"VideoLAN.VLC","VLC media player (MSI 32-Bit)","VideoLAN"
"VideoLAN.VLC","VLC media player (MSI 64-Bit)","VideoLAN"
"Yealink.YealinkUSBConnect","Yealink USB Connect","Yealink"
"VideoLAN.VLC","VLC media player (EXE 64-Bit)","VideoLAN"
"VideoLAN.VLC","VLC media player (EXE 32-Bit)","VideoLAN"
"CatoNetworks.CatoClient","Cato Client","Cato Networks"
"TrackerSoftware.PDF-XChangeEditor","PDF-XChange Editor","Tracker Software Products (Canada) Ltd."
"NordSecurity.NordPass","NordPass","NordPass Team"
"NextDNS.NextDNS.Desktop","NextDNS","NextDNS"
"Meld.Meld","Meld","Kai Willadsen"
"Krisp.Krisp","Krisp","Krisp Technologies, Inc."
"Microsoft.VisualStudio.2019.Enterprise","Visual Studio Enterprise 2019","Microsoft Corporation"
"GnuPG.Gpg4win","Gpg4win","The Gpg4win Project"
"Caphyon.AdvancedInstaller","Advanced Installer","Caphyon"
"Samsung.EasyConnectionToScreen","Easy Connection to Screen","Samsung"
